payment_method_id,method_code,method_name,payment_type,provider,processing_fee_pct,supports_installment,created_at,updated_at
1,CC_VISA,Visa Credit Card,Credit Card,Visa,1.8,True,2020-06-14 16:35:09,2022-07-14 19:43:01
2,CC_MC,Mastercard Credit Card,Credit Card,Mastercard,1.85,True,2022-08-28 04:18:46,2023-06-25 22:45:26
3,CC_AMEX,Amex Credit Card,Credit Card,Amex,2.5,True,2020-04-06 22:24:33,2022-05-13 04:47:10
4,DC_VISA,Visa Debit Card,Debit Card,Visa,0.8,False,2019-09-24 18:57:10,2019-09-24 18:57:10
5,GOPAY,GoPay,E-Wallet,Gojek,0.7,False,2020-03-14 13:34:01,2020-07-14 03:09:59
6,OVO,OVO,E-Wallet,OVO,0.7,False,2021-06-02 16:18:24,2021-06-02 16:18:24
7,DANA,DANA,E-Wallet,DANA,0.65,False,2022-11-02 10:55:12,2022-12-01 01:50:28
8,BANK_TRF,Bank Transfer,Transfer,Bank,0.5,False,2020-07-18 06:08:06,2021-06-30 05:02:54
9,BNPL,Buy Now Pay Later,BNPL,Kredivo,3.0,True,2020-06-21 11:05:50,2025-05-14 09:52:17
