date_key,full_date,day_of_week,day_num,week_num,month_num,month_name,quarter,year,is_weekend,is_holiday,season
1,2022-01-01,Saturday,6,52,1,January,1,2022,True,True,Summer
2,2022-01-02,Sunday,7,52,1,January,1,2022,True,False,Summer
3,2022-01-03,Monday,1,1,1,January,1,2022,False,False,Summer
4,2022-01-04,Tuesday,2,1,1,January,1,2022,False,False,Summer
5,2022-01-05,Wednesday,3,1,1,January,1,2022,False,False,Summer
6,2022-01-06,Thursday,4,1,1,January,1,2022,False,False,Summer
7,2022-01-07,Friday,5,1,1,January,1,2022,False,False,Summer
8,2022-01-08,Saturday,6,1,1,January,1,2022,True,False,Summer
9,2022-01-09,Sunday,7,1,1,January,1,2022,True,False,Summer
10,2022-01-10,Monday,1,2,1,January,1,2022,False,False,Summer
11,2022-01-11,Tuesday,2,2,1,January,1,2022,False,False,Summer
12,2022-01-12,Wednesday,3,2,1,January,1,2022,False,False,Summer
13,2022-01-13,Thursday,4,2,1,January,1,2022,False,False,Summer
14,2022-01-14,Friday,5,2,1,January,1,2022,False,False,Summer
15,2022-01-15,Saturday,6,2,1,January,1,2022,True,False,Summer
16,2022-01-16,Sunday,7,2,1,January,1,2022,True,False,Summer
17,2022-01-17,Monday,1,3,1,January,1,2022,False,False,Summer
18,2022-01-18,Tuesday,2,3,1,January,1,2022,False,False,Summer
19,2022-01-19,Wednesday,3,3,1,January,1,2022,False,False,Summer
20,2022-01-20,Thursday,4,3,1,January,1,2022,False,False,Summer
21,2022-01-21,Friday,5,3,1,January,1,2022,False,False,Summer
22,2022-01-22,Saturday,6,3,1,January,1,2022,True,False,Summer
23,2022-01-23,Sunday,7,3,1,January,1,2022,True,False,Summer
24,2022-01-24,Monday,1,4,1,January,1,2022,False,False,Summer
25,2022-01-25,Tuesday,2,4,1,January,1,2022,False,False,Summer
26,2022-01-26,Wednesday,3,4,1,January,1,2022,False,False,Summer
27,2022-01-27,Thursday,4,4,1,January,1,2022,False,False,Summer
28,2022-01-28,Friday,5,4,1,January,1,2022,False,False,Summer
29,2022-01-29,Saturday,6,4,1,January,1,2022,True,False,Summer
30,2022-01-30,Sunday,7,4,1,January,1,2022,True,False,Summer
31,2022-01-31,Monday,1,5,1,January,1,2022,False,False,Summer
32,2022-02-01,Tuesday,2,5,2,February,1,2022,False,False,Summer
33,2022-02-02,Wednesday,3,5,2,February,1,2022,False,False,Summer
34,2022-02-03,Thursday,4,5,2,February,1,2022,False,False,Summer
35,2022-02-04,Friday,5,5,2,February,1,2022,False,False,Summer
36,2022-02-05,Saturday,6,5,2,February,1,2022,True,False,Summer
37,2022-02-06,Sunday,7,5,2,February,1,2022,True,False,Summer
38,2022-02-07,Monday,1,6,2,February,1,2022,False,False,Summer
39,2022-02-08,Tuesday,2,6,2,February,1,2022,False,False,Summer
40,2022-02-09,Wednesday,3,6,2,February,1,2022,False,False,Summer
41,2022-02-10,Thursday,4,6,2,February,1,2022,False,False,Summer
42,2022-02-11,Friday,5,6,2,February,1,2022,False,False,Summer
43,2022-02-12,Saturday,6,6,2,February,1,2022,True,False,Summer
44,2022-02-13,Sunday,7,6,2,February,1,2022,True,False,Summer
45,2022-02-14,Monday,1,7,2,February,1,2022,False,False,Summer
46,2022-02-15,Tuesday,2,7,2,February,1,2022,False,False,Summer
47,2022-02-16,Wednesday,3,7,2,February,1,2022,False,False,Summer
48,2022-02-17,Thursday,4,7,2,February,1,2022,False,False,Summer
49,2022-02-18,Friday,5,7,2,February,1,2022,False,False,Summer
50,2022-02-19,Saturday,6,7,2,February,1,2022,True,False,Summer
51,2022-02-20,Sunday,7,7,2,February,1,2022,True,False,Summer
52,2022-02-21,Monday,1,8,2,February,1,2022,False,False,Summer
53,2022-02-22,Tuesday,2,8,2,February,1,2022,False,False,Summer
54,2022-02-23,Wednesday,3,8,2,February,1,2022,False,False,Summer
55,2022-02-24,Thursday,4,8,2,February,1,2022,False,False,Summer
56,2022-02-25,Friday,5,8,2,February,1,2022,False,False,Summer
57,2022-02-26,Saturday,6,8,2,February,1,2022,True,False,Summer
58,2022-02-27,Sunday,7,8,2,February,1,2022,True,False,Summer
59,2022-02-28,Monday,1,9,2,February,1,2022,False,False,Summer
60,2022-03-01,Tuesday,2,9,3,March,1,2022,False,False,Fall
61,2022-03-02,Wednesday,3,9,3,March,1,2022,False,False,Fall
62,2022-03-03,Thursday,4,9,3,March,1,2022,False,False,Fall
63,2022-03-04,Friday,5,9,3,March,1,2022,False,False,Fall
64,2022-03-05,Saturday,6,9,3,March,1,2022,True,False,Fall
65,2022-03-06,Sunday,7,9,3,March,1,2022,True,False,Fall
66,2022-03-07,Monday,1,10,3,March,1,2022,False,False,Fall
67,2022-03-08,Tuesday,2,10,3,March,1,2022,False,False,Fall
68,2022-03-09,Wednesday,3,10,3,March,1,2022,False,False,Fall
69,2022-03-10,Thursday,4,10,3,March,1,2022,False,False,Fall
70,2022-03-11,Friday,5,10,3,March,1,2022,False,False,Fall
71,2022-03-12,Saturday,6,10,3,March,1,2022,True,False,Fall
72,2022-03-13,Sunday,7,10,3,March,1,2022,True,False,Fall
73,2022-03-14,Monday,1,11,3,March,1,2022,False,False,Fall
74,2022-03-15,Tuesday,2,11,3,March,1,2022,False,False,Fall
75,2022-03-16,Wednesday,3,11,3,March,1,2022,False,False,Fall
76,2022-03-17,Thursday,4,11,3,March,1,2022,False,False,Fall
77,2022-03-18,Friday,5,11,3,March,1,2022,False,False,Fall
78,2022-03-19,Saturday,6,11,3,March,1,2022,True,False,Fall
79,2022-03-20,Sunday,7,11,3,March,1,2022,True,False,Fall
80,2022-03-21,Monday,1,12,3,March,1,2022,False,False,Fall
81,2022-03-22,Tuesday,2,12,3,March,1,2022,False,False,Fall
82,2022-03-23,Wednesday,3,12,3,March,1,2022,False,False,Fall
83,2022-03-24,Thursday,4,12,3,March,1,2022,False,False,Fall
84,2022-03-25,Friday,5,12,3,March,1,2022,False,False,Fall
85,2022-03-26,Saturday,6,12,3,March,1,2022,True,False,Fall
86,2022-03-27,Sunday,7,12,3,March,1,2022,True,False,Fall
87,2022-03-28,Monday,1,13,3,March,1,2022,False,False,Fall
88,2022-03-29,Tuesday,2,13,3,March,1,2022,False,False,Fall
89,2022-03-30,Wednesday,3,13,3,March,1,2022,False,False,Fall
90,2022-03-31,Thursday,4,13,3,March,1,2022,False,False,Fall
91,2022-04-01,Friday,5,13,4,April,2,2022,False,False,Fall
92,2022-04-02,Saturday,6,13,4,April,2,2022,True,False,Fall
93,2022-04-03,Sunday,7,13,4,April,2,2022,True,False,Fall
94,2022-04-04,Monday,1,14,4,April,2,2022,False,False,Fall
95,2022-04-05,Tuesday,2,14,4,April,2,2022,False,False,Fall
96,2022-04-06,Wednesday,3,14,4,April,2,2022,False,False,Fall
97,2022-04-07,Thursday,4,14,4,April,2,2022,False,False,Fall
98,2022-04-08,Friday,5,14,4,April,2,2022,False,False,Fall
99,2022-04-09,Saturday,6,14,4,April,2,2022,True,False,Fall
100,2022-04-10,Sunday,7,14,4,April,2,2022,True,False,Fall
101,2022-04-11,Monday,1,15,4,April,2,2022,False,False,Fall
102,2022-04-12,Tuesday,2,15,4,April,2,2022,False,False,Fall
103,2022-04-13,Wednesday,3,15,4,April,2,2022,False,False,Fall
104,2022-04-14,Thursday,4,15,4,April,2,2022,False,False,Fall
105,2022-04-15,Friday,5,15,4,April,2,2022,False,False,Fall
106,2022-04-16,Saturday,6,15,4,April,2,2022,True,False,Fall
107,2022-04-17,Sunday,7,15,4,April,2,2022,True,False,Fall
108,2022-04-18,Monday,1,16,4,April,2,2022,False,False,Fall
109,2022-04-19,Tuesday,2,16,4,April,2,2022,False,False,Fall
110,2022-04-20,Wednesday,3,16,4,April,2,2022,False,False,Fall
111,2022-04-21,Thursday,4,16,4,April,2,2022,False,False,Fall
112,2022-04-22,Friday,5,16,4,April,2,2022,False,False,Fall
113,2022-04-23,Saturday,6,16,4,April,2,2022,True,False,Fall
114,2022-04-24,Sunday,7,16,4,April,2,2022,True,False,Fall
115,2022-04-25,Monday,1,17,4,April,2,2022,False,False,Fall
116,2022-04-26,Tuesday,2,17,4,April,2,2022,False,False,Fall
117,2022-04-27,Wednesday,3,17,4,April,2,2022,False,False,Fall
118,2022-04-28,Thursday,4,17,4,April,2,2022,False,False,Fall
119,2022-04-29,Friday,5,17,4,April,2,2022,False,False,Fall
120,2022-04-30,Saturday,6,17,4,April,2,2022,True,False,Fall
121,2022-05-01,Sunday,7,17,5,May,2,2022,True,False,Fall
122,2022-05-02,Monday,1,18,5,May,2,2022,False,False,Fall
123,2022-05-03,Tuesday,2,18,5,May,2,2022,False,False,Fall
124,2022-05-04,Wednesday,3,18,5,May,2,2022,False,False,Fall
125,2022-05-05,Thursday,4,18,5,May,2,2022,False,False,Fall
126,2022-05-06,Friday,5,18,5,May,2,2022,False,False,Fall
127,2022-05-07,Saturday,6,18,5,May,2,2022,True,False,Fall
128,2022-05-08,Sunday,7,18,5,May,2,2022,True,False,Fall
129,2022-05-09,Monday,1,19,5,May,2,2022,False,False,Fall
130,2022-05-10,Tuesday,2,19,5,May,2,2022,False,False,Fall
131,2022-05-11,Wednesday,3,19,5,May,2,2022,False,False,Fall
132,2022-05-12,Thursday,4,19,5,May,2,2022,False,False,Fall
133,2022-05-13,Friday,5,19,5,May,2,2022,False,False,Fall
134,2022-05-14,Saturday,6,19,5,May,2,2022,True,False,Fall
135,2022-05-15,Sunday,7,19,5,May,2,2022,True,False,Fall
136,2022-05-16,Monday,1,20,5,May,2,2022,False,False,Fall
137,2022-05-17,Tuesday,2,20,5,May,2,2022,False,False,Fall
138,2022-05-18,Wednesday,3,20,5,May,2,2022,False,False,Fall
139,2022-05-19,Thursday,4,20,5,May,2,2022,False,False,Fall
140,2022-05-20,Friday,5,20,5,May,2,2022,False,False,Fall
141,2022-05-21,Saturday,6,20,5,May,2,2022,True,False,Fall
142,2022-05-22,Sunday,7,20,5,May,2,2022,True,False,Fall
143,2022-05-23,Monday,1,21,5,May,2,2022,False,False,Fall
144,2022-05-24,Tuesday,2,21,5,May,2,2022,False,False,Fall
145,2022-05-25,Wednesday,3,21,5,May,2,2022,False,False,Fall
146,2022-05-26,Thursday,4,21,5,May,2,2022,False,False,Fall
147,2022-05-27,Friday,5,21,5,May,2,2022,False,False,Fall
148,2022-05-28,Saturday,6,21,5,May,2,2022,True,False,Fall
149,2022-05-29,Sunday,7,21,5,May,2,2022,True,False,Fall
150,2022-05-30,Monday,1,22,5,May,2,2022,False,False,Fall
151,2022-05-31,Tuesday,2,22,5,May,2,2022,False,False,Fall
152,2022-06-01,Wednesday,3,22,6,June,2,2022,False,False,Winter
153,2022-06-02,Thursday,4,22,6,June,2,2022,False,False,Winter
154,2022-06-03,Friday,5,22,6,June,2,2022,False,False,Winter
155,2022-06-04,Saturday,6,22,6,June,2,2022,True,False,Winter
156,2022-06-05,Sunday,7,22,6,June,2,2022,True,False,Winter
157,2022-06-06,Monday,1,23,6,June,2,2022,False,False,Winter
158,2022-06-07,Tuesday,2,23,6,June,2,2022,False,False,Winter
159,2022-06-08,Wednesday,3,23,6,June,2,2022,False,False,Winter
160,2022-06-09,Thursday,4,23,6,June,2,2022,False,False,Winter
161,2022-06-10,Friday,5,23,6,June,2,2022,False,False,Winter
162,2022-06-11,Saturday,6,23,6,June,2,2022,True,False,Winter
163,2022-06-12,Sunday,7,23,6,June,2,2022,True,False,Winter
164,2022-06-13,Monday,1,24,6,June,2,2022,False,False,Winter
165,2022-06-14,Tuesday,2,24,6,June,2,2022,False,False,Winter
166,2022-06-15,Wednesday,3,24,6,June,2,2022,False,False,Winter
167,2022-06-16,Thursday,4,24,6,June,2,2022,False,False,Winter
168,2022-06-17,Friday,5,24,6,June,2,2022,False,False,Winter
169,2022-06-18,Saturday,6,24,6,June,2,2022,True,False,Winter
170,2022-06-19,Sunday,7,24,6,June,2,2022,True,False,Winter
171,2022-06-20,Monday,1,25,6,June,2,2022,False,False,Winter
172,2022-06-21,Tuesday,2,25,6,June,2,2022,False,False,Winter
173,2022-06-22,Wednesday,3,25,6,June,2,2022,False,False,Winter
174,2022-06-23,Thursday,4,25,6,June,2,2022,False,False,Winter
175,2022-06-24,Friday,5,25,6,June,2,2022,False,False,Winter
176,2022-06-25,Saturday,6,25,6,June,2,2022,True,False,Winter
177,2022-06-26,Sunday,7,25,6,June,2,2022,True,False,Winter
178,2022-06-27,Monday,1,26,6,June,2,2022,False,False,Winter
179,2022-06-28,Tuesday,2,26,6,June,2,2022,False,False,Winter
180,2022-06-29,Wednesday,3,26,6,June,2,2022,False,False,Winter
181,2022-06-30,Thursday,4,26,6,June,2,2022,False,False,Winter
182,2022-07-01,Friday,5,26,7,July,3,2022,False,False,Winter
183,2022-07-02,Saturday,6,26,7,July,3,2022,True,False,Winter
184,2022-07-03,Sunday,7,26,7,July,3,2022,True,False,Winter
185,2022-07-04,Monday,1,27,7,July,3,2022,False,False,Winter
186,2022-07-05,Tuesday,2,27,7,July,3,2022,False,False,Winter
187,2022-07-06,Wednesday,3,27,7,July,3,2022,False,False,Winter
188,2022-07-07,Thursday,4,27,7,July,3,2022,False,False,Winter
189,2022-07-08,Friday,5,27,7,July,3,2022,False,False,Winter
190,2022-07-09,Saturday,6,27,7,July,3,2022,True,False,Winter
191,2022-07-10,Sunday,7,27,7,July,3,2022,True,False,Winter
192,2022-07-11,Monday,1,28,7,July,3,2022,False,False,Winter
193,2022-07-12,Tuesday,2,28,7,July,3,2022,False,False,Winter
194,2022-07-13,Wednesday,3,28,7,July,3,2022,False,False,Winter
195,2022-07-14,Thursday,4,28,7,July,3,2022,False,False,Winter
196,2022-07-15,Friday,5,28,7,July,3,2022,False,False,Winter
197,2022-07-16,Saturday,6,28,7,July,3,2022,True,False,Winter
198,2022-07-17,Sunday,7,28,7,July,3,2022,True,False,Winter
199,2022-07-18,Monday,1,29,7,July,3,2022,False,False,Winter
200,2022-07-19,Tuesday,2,29,7,July,3,2022,False,False,Winter
201,2022-07-20,Wednesday,3,29,7,July,3,2022,False,False,Winter
202,2022-07-21,Thursday,4,29,7,July,3,2022,False,False,Winter
203,2022-07-22,Friday,5,29,7,July,3,2022,False,False,Winter
204,2022-07-23,Saturday,6,29,7,July,3,2022,True,False,Winter
205,2022-07-24,Sunday,7,29,7,July,3,2022,True,False,Winter
206,2022-07-25,Monday,1,30,7,July,3,2022,False,False,Winter
207,2022-07-26,Tuesday,2,30,7,July,3,2022,False,False,Winter
208,2022-07-27,Wednesday,3,30,7,July,3,2022,False,False,Winter
209,2022-07-28,Thursday,4,30,7,July,3,2022,False,False,Winter
210,2022-07-29,Friday,5,30,7,July,3,2022,False,False,Winter
211,2022-07-30,Saturday,6,30,7,July,3,2022,True,False,Winter
212,2022-07-31,Sunday,7,30,7,July,3,2022,True,False,Winter
213,2022-08-01,Monday,1,31,8,August,3,2022,False,False,Winter
214,2022-08-02,Tuesday,2,31,8,August,3,2022,False,False,Winter
215,2022-08-03,Wednesday,3,31,8,August,3,2022,False,False,Winter
216,2022-08-04,Thursday,4,31,8,August,3,2022,False,False,Winter
217,2022-08-05,Friday,5,31,8,August,3,2022,False,False,Winter
218,2022-08-06,Saturday,6,31,8,August,3,2022,True,False,Winter
219,2022-08-07,Sunday,7,31,8,August,3,2022,True,False,Winter
220,2022-08-08,Monday,1,32,8,August,3,2022,False,False,Winter
221,2022-08-09,Tuesday,2,32,8,August,3,2022,False,False,Winter
222,2022-08-10,Wednesday,3,32,8,August,3,2022,False,False,Winter
223,2022-08-11,Thursday,4,32,8,August,3,2022,False,False,Winter
224,2022-08-12,Friday,5,32,8,August,3,2022,False,False,Winter
225,2022-08-13,Saturday,6,32,8,August,3,2022,True,False,Winter
226,2022-08-14,Sunday,7,32,8,August,3,2022,True,False,Winter
227,2022-08-15,Monday,1,33,8,August,3,2022,False,False,Winter
228,2022-08-16,Tuesday,2,33,8,August,3,2022,False,False,Winter
229,2022-08-17,Wednesday,3,33,8,August,3,2022,False,False,Winter
230,2022-08-18,Thursday,4,33,8,August,3,2022,False,False,Winter
231,2022-08-19,Friday,5,33,8,August,3,2022,False,False,Winter
232,2022-08-20,Saturday,6,33,8,August,3,2022,True,False,Winter
233,2022-08-21,Sunday,7,33,8,August,3,2022,True,False,Winter
234,2022-08-22,Monday,1,34,8,August,3,2022,False,False,Winter
235,2022-08-23,Tuesday,2,34,8,August,3,2022,False,False,Winter
236,2022-08-24,Wednesday,3,34,8,August,3,2022,False,False,Winter
237,2022-08-25,Thursday,4,34,8,August,3,2022,False,False,Winter
238,2022-08-26,Friday,5,34,8,August,3,2022,False,False,Winter
239,2022-08-27,Saturday,6,34,8,August,3,2022,True,False,Winter
240,2022-08-28,Sunday,7,34,8,August,3,2022,True,False,Winter
241,2022-08-29,Monday,1,35,8,August,3,2022,False,False,Winter
242,2022-08-30,Tuesday,2,35,8,August,3,2022,False,False,Winter
243,2022-08-31,Wednesday,3,35,8,August,3,2022,False,False,Winter
244,2022-09-01,Thursday,4,35,9,September,3,2022,False,False,Spring
245,2022-09-02,Friday,5,35,9,September,3,2022,False,False,Spring
246,2022-09-03,Saturday,6,35,9,September,3,2022,True,False,Spring
247,2022-09-04,Sunday,7,35,9,September,3,2022,True,False,Spring
248,2022-09-05,Monday,1,36,9,September,3,2022,False,False,Spring
249,2022-09-06,Tuesday,2,36,9,September,3,2022,False,False,Spring
250,2022-09-07,Wednesday,3,36,9,September,3,2022,False,False,Spring
251,2022-09-08,Thursday,4,36,9,September,3,2022,False,False,Spring
252,2022-09-09,Friday,5,36,9,September,3,2022,False,False,Spring
253,2022-09-10,Saturday,6,36,9,September,3,2022,True,False,Spring
254,2022-09-11,Sunday,7,36,9,September,3,2022,True,False,Spring
255,2022-09-12,Monday,1,37,9,September,3,2022,False,False,Spring
256,2022-09-13,Tuesday,2,37,9,September,3,2022,False,False,Spring
257,2022-09-14,Wednesday,3,37,9,September,3,2022,False,False,Spring
258,2022-09-15,Thursday,4,37,9,September,3,2022,False,False,Spring
259,2022-09-16,Friday,5,37,9,September,3,2022,False,False,Spring
260,2022-09-17,Saturday,6,37,9,September,3,2022,True,False,Spring
261,2022-09-18,Sunday,7,37,9,September,3,2022,True,False,Spring
262,2022-09-19,Monday,1,38,9,September,3,2022,False,False,Spring
263,2022-09-20,Tuesday,2,38,9,September,3,2022,False,False,Spring
264,2022-09-21,Wednesday,3,38,9,September,3,2022,False,False,Spring
265,2022-09-22,Thursday,4,38,9,September,3,2022,False,False,Spring
266,2022-09-23,Friday,5,38,9,September,3,2022,False,False,Spring
267,2022-09-24,Saturday,6,38,9,September,3,2022,True,False,Spring
268,2022-09-25,Sunday,7,38,9,September,3,2022,True,False,Spring
269,2022-09-26,Monday,1,39,9,September,3,2022,False,False,Spring
270,2022-09-27,Tuesday,2,39,9,September,3,2022,False,False,Spring
271,2022-09-28,Wednesday,3,39,9,September,3,2022,False,False,Spring
272,2022-09-29,Thursday,4,39,9,September,3,2022,False,False,Spring
273,2022-09-30,Friday,5,39,9,September,3,2022,False,False,Spring
274,2022-10-01,Saturday,6,39,10,October,4,2022,True,False,Spring
275,2022-10-02,Sunday,7,39,10,October,4,2022,True,False,Spring
276,2022-10-03,Monday,1,40,10,October,4,2022,False,False,Spring
277,2022-10-04,Tuesday,2,40,10,October,4,2022,False,False,Spring
278,2022-10-05,Wednesday,3,40,10,October,4,2022,False,False,Spring
279,2022-10-06,Thursday,4,40,10,October,4,2022,False,False,Spring
280,2022-10-07,Friday,5,40,10,October,4,2022,False,False,Spring
281,2022-10-08,Saturday,6,40,10,October,4,2022,True,False,Spring
282,2022-10-09,Sunday,7,40,10,October,4,2022,True,False,Spring
283,2022-10-10,Monday,1,41,10,October,4,2022,False,False,Spring
284,2022-10-11,Tuesday,2,41,10,October,4,2022,False,False,Spring
285,2022-10-12,Wednesday,3,41,10,October,4,2022,False,False,Spring
286,2022-10-13,Thursday,4,41,10,October,4,2022,False,False,Spring
287,2022-10-14,Friday,5,41,10,October,4,2022,False,False,Spring
288,2022-10-15,Saturday,6,41,10,October,4,2022,True,False,Spring
289,2022-10-16,Sunday,7,41,10,October,4,2022,True,False,Spring
290,2022-10-17,Monday,1,42,10,October,4,2022,False,False,Spring
291,2022-10-18,Tuesday,2,42,10,October,4,2022,False,False,Spring
292,2022-10-19,Wednesday,3,42,10,October,4,2022,False,False,Spring
293,2022-10-20,Thursday,4,42,10,October,4,2022,False,False,Spring
294,2022-10-21,Friday,5,42,10,October,4,2022,False,False,Spring
295,2022-10-22,Saturday,6,42,10,October,4,2022,True,False,Spring
296,2022-10-23,Sunday,7,42,10,October,4,2022,True,False,Spring
297,2022-10-24,Monday,1,43,10,October,4,2022,False,False,Spring
298,2022-10-25,Tuesday,2,43,10,October,4,2022,False,False,Spring
299,2022-10-26,Wednesday,3,43,10,October,4,2022,False,False,Spring
300,2022-10-27,Thursday,4,43,10,October,4,2022,False,False,Spring
301,2022-10-28,Friday,5,43,10,October,4,2022,False,False,Spring
302,2022-10-29,Saturday,6,43,10,October,4,2022,True,False,Spring
303,2022-10-30,Sunday,7,43,10,October,4,2022,True,False,Spring
304,2022-10-31,Monday,1,44,10,October,4,2022,False,False,Spring
305,2022-11-01,Tuesday,2,44,11,November,4,2022,False,False,Spring
306,2022-11-02,Wednesday,3,44,11,November,4,2022,False,False,Spring
307,2022-11-03,Thursday,4,44,11,November,4,2022,False,False,Spring
308,2022-11-04,Friday,5,44,11,November,4,2022,False,False,Spring
309,2022-11-05,Saturday,6,44,11,November,4,2022,True,False,Spring
310,2022-11-06,Sunday,7,44,11,November,4,2022,True,False,Spring
311,2022-11-07,Monday,1,45,11,November,4,2022,False,False,Spring
312,2022-11-08,Tuesday,2,45,11,November,4,2022,False,False,Spring
313,2022-11-09,Wednesday,3,45,11,November,4,2022,False,False,Spring
314,2022-11-10,Thursday,4,45,11,November,4,2022,False,False,Spring
315,2022-11-11,Friday,5,45,11,November,4,2022,False,False,Spring
316,2022-11-12,Saturday,6,45,11,November,4,2022,True,False,Spring
317,2022-11-13,Sunday,7,45,11,November,4,2022,True,False,Spring
318,2022-11-14,Monday,1,46,11,November,4,2022,False,False,Spring
319,2022-11-15,Tuesday,2,46,11,November,4,2022,False,False,Spring
320,2022-11-16,Wednesday,3,46,11,November,4,2022,False,False,Spring
321,2022-11-17,Thursday,4,46,11,November,4,2022,False,False,Spring
322,2022-11-18,Friday,5,46,11,November,4,2022,False,False,Spring
323,2022-11-19,Saturday,6,46,11,November,4,2022,True,False,Spring
324,2022-11-20,Sunday,7,46,11,November,4,2022,True,False,Spring
325,2022-11-21,Monday,1,47,11,November,4,2022,False,False,Spring
326,2022-11-22,Tuesday,2,47,11,November,4,2022,False,False,Spring
327,2022-11-23,Wednesday,3,47,11,November,4,2022,False,False,Spring
328,2022-11-24,Thursday,4,47,11,November,4,2022,False,False,Spring
329,2022-11-25,Friday,5,47,11,November,4,2022,False,False,Spring
330,2022-11-26,Saturday,6,47,11,November,4,2022,True,False,Spring
331,2022-11-27,Sunday,7,47,11,November,4,2022,True,False,Spring
332,2022-11-28,Monday,1,48,11,November,4,2022,False,False,Spring
333,2022-11-29,Tuesday,2,48,11,November,4,2022,False,False,Spring
334,2022-11-30,Wednesday,3,48,11,November,4,2022,False,False,Spring
335,2022-12-01,Thursday,4,48,12,December,4,2022,False,False,Summer
336,2022-12-02,Friday,5,48,12,December,4,2022,False,False,Summer
337,2022-12-03,Saturday,6,48,12,December,4,2022,True,False,Summer
338,2022-12-04,Sunday,7,48,12,December,4,2022,True,False,Summer
339,2022-12-05,Monday,1,49,12,December,4,2022,False,False,Summer
340,2022-12-06,Tuesday,2,49,12,December,4,2022,False,False,Summer
341,2022-12-07,Wednesday,3,49,12,December,4,2022,False,False,Summer
342,2022-12-08,Thursday,4,49,12,December,4,2022,False,False,Summer
343,2022-12-09,Friday,5,49,12,December,4,2022,False,False,Summer
344,2022-12-10,Saturday,6,49,12,December,4,2022,True,False,Summer
345,2022-12-11,Sunday,7,49,12,December,4,2022,True,False,Summer
346,2022-12-12,Monday,1,50,12,December,4,2022,False,False,Summer
347,2022-12-13,Tuesday,2,50,12,December,4,2022,False,False,Summer
348,2022-12-14,Wednesday,3,50,12,December,4,2022,False,False,Summer
349,2022-12-15,Thursday,4,50,12,December,4,2022,False,False,Summer
350,2022-12-16,Friday,5,50,12,December,4,2022,False,False,Summer
351,2022-12-17,Saturday,6,50,12,December,4,2022,True,False,Summer
352,2022-12-18,Sunday,7,50,12,December,4,2022,True,False,Summer
353,2022-12-19,Monday,1,51,12,December,4,2022,False,False,Summer
354,2022-12-20,Tuesday,2,51,12,December,4,2022,False,False,Summer
355,2022-12-21,Wednesday,3,51,12,December,4,2022,False,False,Summer
356,2022-12-22,Thursday,4,51,12,December,4,2022,False,False,Summer
357,2022-12-23,Friday,5,51,12,December,4,2022,False,False,Summer
358,2022-12-24,Saturday,6,51,12,December,4,2022,True,False,Summer
359,2022-12-25,Sunday,7,51,12,December,4,2022,True,True,Summer
360,2022-12-26,Monday,1,52,12,December,4,2022,False,False,Summer
361,2022-12-27,Tuesday,2,52,12,December,4,2022,False,False,Summer
362,2022-12-28,Wednesday,3,52,12,December,4,2022,False,False,Summer
363,2022-12-29,Thursday,4,52,12,December,4,2022,False,False,Summer
364,2022-12-30,Friday,5,52,12,December,4,2022,False,False,Summer
365,2022-12-31,Saturday,6,52,12,December,4,2022,True,True,Summer
366,2023-01-01,Sunday,7,52,1,January,1,2023,True,True,Summer
367,2023-01-02,Monday,1,1,1,January,1,2023,False,False,Summer
368,2023-01-03,Tuesday,2,1,1,January,1,2023,False,False,Summer
369,2023-01-04,Wednesday,3,1,1,January,1,2023,False,False,Summer
370,2023-01-05,Thursday,4,1,1,January,1,2023,False,False,Summer
371,2023-01-06,Friday,5,1,1,January,1,2023,False,False,Summer
372,2023-01-07,Saturday,6,1,1,January,1,2023,True,False,Summer
373,2023-01-08,Sunday,7,1,1,January,1,2023,True,False,Summer
374,2023-01-09,Monday,1,2,1,January,1,2023,False,False,Summer
375,2023-01-10,Tuesday,2,2,1,January,1,2023,False,False,Summer
376,2023-01-11,Wednesday,3,2,1,January,1,2023,False,False,Summer
377,2023-01-12,Thursday,4,2,1,January,1,2023,False,False,Summer
378,2023-01-13,Friday,5,2,1,January,1,2023,False,False,Summer
379,2023-01-14,Saturday,6,2,1,January,1,2023,True,False,Summer
380,2023-01-15,Sunday,7,2,1,January,1,2023,True,False,Summer
381,2023-01-16,Monday,1,3,1,January,1,2023,False,False,Summer
382,2023-01-17,Tuesday,2,3,1,January,1,2023,False,False,Summer
383,2023-01-18,Wednesday,3,3,1,January,1,2023,False,False,Summer
384,2023-01-19,Thursday,4,3,1,January,1,2023,False,False,Summer
385,2023-01-20,Friday,5,3,1,January,1,2023,False,False,Summer
386,2023-01-21,Saturday,6,3,1,January,1,2023,True,False,Summer
387,2023-01-22,Sunday,7,3,1,January,1,2023,True,False,Summer
388,2023-01-23,Monday,1,4,1,January,1,2023,False,False,Summer
389,2023-01-24,Tuesday,2,4,1,January,1,2023,False,False,Summer
390,2023-01-25,Wednesday,3,4,1,January,1,2023,False,False,Summer
391,2023-01-26,Thursday,4,4,1,January,1,2023,False,False,Summer
392,2023-01-27,Friday,5,4,1,January,1,2023,False,False,Summer
393,2023-01-28,Saturday,6,4,1,January,1,2023,True,False,Summer
394,2023-01-29,Sunday,7,4,1,January,1,2023,True,False,Summer
395,2023-01-30,Monday,1,5,1,January,1,2023,False,False,Summer
396,2023-01-31,Tuesday,2,5,1,January,1,2023,False,False,Summer
397,2023-02-01,Wednesday,3,5,2,February,1,2023,False,False,Summer
398,2023-02-02,Thursday,4,5,2,February,1,2023,False,False,Summer
399,2023-02-03,Friday,5,5,2,February,1,2023,False,False,Summer
400,2023-02-04,Saturday,6,5,2,February,1,2023,True,False,Summer
401,2023-02-05,Sunday,7,5,2,February,1,2023,True,False,Summer
402,2023-02-06,Monday,1,6,2,February,1,2023,False,False,Summer
403,2023-02-07,Tuesday,2,6,2,February,1,2023,False,False,Summer
404,2023-02-08,Wednesday,3,6,2,February,1,2023,False,False,Summer
405,2023-02-09,Thursday,4,6,2,February,1,2023,False,False,Summer
406,2023-02-10,Friday,5,6,2,February,1,2023,False,False,Summer
407,2023-02-11,Saturday,6,6,2,February,1,2023,True,False,Summer
408,2023-02-12,Sunday,7,6,2,February,1,2023,True,False,Summer
409,2023-02-13,Monday,1,7,2,February,1,2023,False,False,Summer
410,2023-02-14,Tuesday,2,7,2,February,1,2023,False,False,Summer
411,2023-02-15,Wednesday,3,7,2,February,1,2023,False,False,Summer
412,2023-02-16,Thursday,4,7,2,February,1,2023,False,False,Summer
413,2023-02-17,Friday,5,7,2,February,1,2023,False,False,Summer
414,2023-02-18,Saturday,6,7,2,February,1,2023,True,False,Summer
415,2023-02-19,Sunday,7,7,2,February,1,2023,True,False,Summer
416,2023-02-20,Monday,1,8,2,February,1,2023,False,False,Summer
417,2023-02-21,Tuesday,2,8,2,February,1,2023,False,False,Summer
418,2023-02-22,Wednesday,3,8,2,February,1,2023,False,False,Summer
419,2023-02-23,Thursday,4,8,2,February,1,2023,False,False,Summer
420,2023-02-24,Friday,5,8,2,February,1,2023,False,False,Summer
421,2023-02-25,Saturday,6,8,2,February,1,2023,True,False,Summer
422,2023-02-26,Sunday,7,8,2,February,1,2023,True,False,Summer
423,2023-02-27,Monday,1,9,2,February,1,2023,False,False,Summer
424,2023-02-28,Tuesday,2,9,2,February,1,2023,False,False,Summer
425,2023-03-01,Wednesday,3,9,3,March,1,2023,False,False,Fall
426,2023-03-02,Thursday,4,9,3,March,1,2023,False,False,Fall
427,2023-03-03,Friday,5,9,3,March,1,2023,False,False,Fall
428,2023-03-04,Saturday,6,9,3,March,1,2023,True,False,Fall
429,2023-03-05,Sunday,7,9,3,March,1,2023,True,False,Fall
430,2023-03-06,Monday,1,10,3,March,1,2023,False,False,Fall
431,2023-03-07,Tuesday,2,10,3,March,1,2023,False,False,Fall
432,2023-03-08,Wednesday,3,10,3,March,1,2023,False,False,Fall
433,2023-03-09,Thursday,4,10,3,March,1,2023,False,False,Fall
434,2023-03-10,Friday,5,10,3,March,1,2023,False,False,Fall
435,2023-03-11,Saturday,6,10,3,March,1,2023,True,False,Fall
436,2023-03-12,Sunday,7,10,3,March,1,2023,True,False,Fall
437,2023-03-13,Monday,1,11,3,March,1,2023,False,False,Fall
438,2023-03-14,Tuesday,2,11,3,March,1,2023,False,False,Fall
439,2023-03-15,Wednesday,3,11,3,March,1,2023,False,False,Fall
440,2023-03-16,Thursday,4,11,3,March,1,2023,False,False,Fall
441,2023-03-17,Friday,5,11,3,March,1,2023,False,False,Fall
442,2023-03-18,Saturday,6,11,3,March,1,2023,True,False,Fall
443,2023-03-19,Sunday,7,11,3,March,1,2023,True,False,Fall
444,2023-03-20,Monday,1,12,3,March,1,2023,False,False,Fall
445,2023-03-21,Tuesday,2,12,3,March,1,2023,False,False,Fall
446,2023-03-22,Wednesday,3,12,3,March,1,2023,False,False,Fall
447,2023-03-23,Thursday,4,12,3,March,1,2023,False,False,Fall
448,2023-03-24,Friday,5,12,3,March,1,2023,False,False,Fall
449,2023-03-25,Saturday,6,12,3,March,1,2023,True,False,Fall
450,2023-03-26,Sunday,7,12,3,March,1,2023,True,False,Fall
451,2023-03-27,Monday,1,13,3,March,1,2023,False,False,Fall
452,2023-03-28,Tuesday,2,13,3,March,1,2023,False,False,Fall
453,2023-03-29,Wednesday,3,13,3,March,1,2023,False,False,Fall
454,2023-03-30,Thursday,4,13,3,March,1,2023,False,False,Fall
455,2023-03-31,Friday,5,13,3,March,1,2023,False,False,Fall
456,2023-04-01,Saturday,6,13,4,April,2,2023,True,False,Fall
457,2023-04-02,Sunday,7,13,4,April,2,2023,True,False,Fall
458,2023-04-03,Monday,1,14,4,April,2,2023,False,False,Fall
459,2023-04-04,Tuesday,2,14,4,April,2,2023,False,False,Fall
460,2023-04-05,Wednesday,3,14,4,April,2,2023,False,False,Fall
461,2023-04-06,Thursday,4,14,4,April,2,2023,False,False,Fall
462,2023-04-07,Friday,5,14,4,April,2,2023,False,False,Fall
463,2023-04-08,Saturday,6,14,4,April,2,2023,True,False,Fall
464,2023-04-09,Sunday,7,14,4,April,2,2023,True,False,Fall
465,2023-04-10,Monday,1,15,4,April,2,2023,False,False,Fall
466,2023-04-11,Tuesday,2,15,4,April,2,2023,False,False,Fall
467,2023-04-12,Wednesday,3,15,4,April,2,2023,False,False,Fall
468,2023-04-13,Thursday,4,15,4,April,2,2023,False,False,Fall
469,2023-04-14,Friday,5,15,4,April,2,2023,False,False,Fall
470,2023-04-15,Saturday,6,15,4,April,2,2023,True,False,Fall
471,2023-04-16,Sunday,7,15,4,April,2,2023,True,False,Fall
472,2023-04-17,Monday,1,16,4,April,2,2023,False,False,Fall
473,2023-04-18,Tuesday,2,16,4,April,2,2023,False,False,Fall
474,2023-04-19,Wednesday,3,16,4,April,2,2023,False,False,Fall
475,2023-04-20,Thursday,4,16,4,April,2,2023,False,False,Fall
476,2023-04-21,Friday,5,16,4,April,2,2023,False,False,Fall
477,2023-04-22,Saturday,6,16,4,April,2,2023,True,False,Fall
478,2023-04-23,Sunday,7,16,4,April,2,2023,True,False,Fall
479,2023-04-24,Monday,1,17,4,April,2,2023,False,False,Fall
480,2023-04-25,Tuesday,2,17,4,April,2,2023,False,False,Fall
481,2023-04-26,Wednesday,3,17,4,April,2,2023,False,False,Fall
482,2023-04-27,Thursday,4,17,4,April,2,2023,False,False,Fall
483,2023-04-28,Friday,5,17,4,April,2,2023,False,False,Fall
484,2023-04-29,Saturday,6,17,4,April,2,2023,True,False,Fall
485,2023-04-30,Sunday,7,17,4,April,2,2023,True,False,Fall
486,2023-05-01,Monday,1,18,5,May,2,2023,False,False,Fall
487,2023-05-02,Tuesday,2,18,5,May,2,2023,False,False,Fall
488,2023-05-03,Wednesday,3,18,5,May,2,2023,False,False,Fall
489,2023-05-04,Thursday,4,18,5,May,2,2023,False,False,Fall
490,2023-05-05,Friday,5,18,5,May,2,2023,False,False,Fall
491,2023-05-06,Saturday,6,18,5,May,2,2023,True,False,Fall
492,2023-05-07,Sunday,7,18,5,May,2,2023,True,False,Fall
493,2023-05-08,Monday,1,19,5,May,2,2023,False,False,Fall
494,2023-05-09,Tuesday,2,19,5,May,2,2023,False,False,Fall
495,2023-05-10,Wednesday,3,19,5,May,2,2023,False,False,Fall
496,2023-05-11,Thursday,4,19,5,May,2,2023,False,False,Fall
497,2023-05-12,Friday,5,19,5,May,2,2023,False,False,Fall
498,2023-05-13,Saturday,6,19,5,May,2,2023,True,False,Fall
499,2023-05-14,Sunday,7,19,5,May,2,2023,True,False,Fall
500,2023-05-15,Monday,1,20,5,May,2,2023,False,False,Fall
501,2023-05-16,Tuesday,2,20,5,May,2,2023,False,False,Fall
502,2023-05-17,Wednesday,3,20,5,May,2,2023,False,False,Fall
503,2023-05-18,Thursday,4,20,5,May,2,2023,False,False,Fall
504,2023-05-19,Friday,5,20,5,May,2,2023,False,False,Fall
505,2023-05-20,Saturday,6,20,5,May,2,2023,True,False,Fall
506,2023-05-21,Sunday,7,20,5,May,2,2023,True,False,Fall
507,2023-05-22,Monday,1,21,5,May,2,2023,False,False,Fall
508,2023-05-23,Tuesday,2,21,5,May,2,2023,False,False,Fall
509,2023-05-24,Wednesday,3,21,5,May,2,2023,False,False,Fall
510,2023-05-25,Thursday,4,21,5,May,2,2023,False,False,Fall
511,2023-05-26,Friday,5,21,5,May,2,2023,False,False,Fall
512,2023-05-27,Saturday,6,21,5,May,2,2023,True,False,Fall
513,2023-05-28,Sunday,7,21,5,May,2,2023,True,False,Fall
514,2023-05-29,Monday,1,22,5,May,2,2023,False,False,Fall
515,2023-05-30,Tuesday,2,22,5,May,2,2023,False,False,Fall
516,2023-05-31,Wednesday,3,22,5,May,2,2023,False,False,Fall
517,2023-06-01,Thursday,4,22,6,June,2,2023,False,False,Winter
518,2023-06-02,Friday,5,22,6,June,2,2023,False,False,Winter
519,2023-06-03,Saturday,6,22,6,June,2,2023,True,False,Winter
520,2023-06-04,Sunday,7,22,6,June,2,2023,True,False,Winter
521,2023-06-05,Monday,1,23,6,June,2,2023,False,False,Winter
522,2023-06-06,Tuesday,2,23,6,June,2,2023,False,False,Winter
523,2023-06-07,Wednesday,3,23,6,June,2,2023,False,False,Winter
524,2023-06-08,Thursday,4,23,6,June,2,2023,False,False,Winter
525,2023-06-09,Friday,5,23,6,June,2,2023,False,False,Winter
526,2023-06-10,Saturday,6,23,6,June,2,2023,True,False,Winter
527,2023-06-11,Sunday,7,23,6,June,2,2023,True,False,Winter
528,2023-06-12,Monday,1,24,6,June,2,2023,False,False,Winter
529,2023-06-13,Tuesday,2,24,6,June,2,2023,False,False,Winter
530,2023-06-14,Wednesday,3,24,6,June,2,2023,False,False,Winter
531,2023-06-15,Thursday,4,24,6,June,2,2023,False,False,Winter
532,2023-06-16,Friday,5,24,6,June,2,2023,False,False,Winter
533,2023-06-17,Saturday,6,24,6,June,2,2023,True,False,Winter
534,2023-06-18,Sunday,7,24,6,June,2,2023,True,False,Winter
535,2023-06-19,Monday,1,25,6,June,2,2023,False,False,Winter
536,2023-06-20,Tuesday,2,25,6,June,2,2023,False,False,Winter
537,2023-06-21,Wednesday,3,25,6,June,2,2023,False,False,Winter
538,2023-06-22,Thursday,4,25,6,June,2,2023,False,False,Winter
539,2023-06-23,Friday,5,25,6,June,2,2023,False,False,Winter
540,2023-06-24,Saturday,6,25,6,June,2,2023,True,False,Winter
541,2023-06-25,Sunday,7,25,6,June,2,2023,True,False,Winter
542,2023-06-26,Monday,1,26,6,June,2,2023,False,False,Winter
543,2023-06-27,Tuesday,2,26,6,June,2,2023,False,False,Winter
544,2023-06-28,Wednesday,3,26,6,June,2,2023,False,False,Winter
545,2023-06-29,Thursday,4,26,6,June,2,2023,False,False,Winter
546,2023-06-30,Friday,5,26,6,June,2,2023,False,False,Winter
547,2023-07-01,Saturday,6,26,7,July,3,2023,True,False,Winter
548,2023-07-02,Sunday,7,26,7,July,3,2023,True,False,Winter
549,2023-07-03,Monday,1,27,7,July,3,2023,False,False,Winter
550,2023-07-04,Tuesday,2,27,7,July,3,2023,False,False,Winter
551,2023-07-05,Wednesday,3,27,7,July,3,2023,False,False,Winter
552,2023-07-06,Thursday,4,27,7,July,3,2023,False,False,Winter
553,2023-07-07,Friday,5,27,7,July,3,2023,False,False,Winter
554,2023-07-08,Saturday,6,27,7,July,3,2023,True,False,Winter
555,2023-07-09,Sunday,7,27,7,July,3,2023,True,False,Winter
556,2023-07-10,Monday,1,28,7,July,3,2023,False,False,Winter
557,2023-07-11,Tuesday,2,28,7,July,3,2023,False,False,Winter
558,2023-07-12,Wednesday,3,28,7,July,3,2023,False,False,Winter
559,2023-07-13,Thursday,4,28,7,July,3,2023,False,False,Winter
560,2023-07-14,Friday,5,28,7,July,3,2023,False,False,Winter
561,2023-07-15,Saturday,6,28,7,July,3,2023,True,False,Winter
562,2023-07-16,Sunday,7,28,7,July,3,2023,True,False,Winter
563,2023-07-17,Monday,1,29,7,July,3,2023,False,False,Winter
564,2023-07-18,Tuesday,2,29,7,July,3,2023,False,False,Winter
565,2023-07-19,Wednesday,3,29,7,July,3,2023,False,False,Winter
566,2023-07-20,Thursday,4,29,7,July,3,2023,False,False,Winter
567,2023-07-21,Friday,5,29,7,July,3,2023,False,False,Winter
568,2023-07-22,Saturday,6,29,7,July,3,2023,True,False,Winter
569,2023-07-23,Sunday,7,29,7,July,3,2023,True,False,Winter
570,2023-07-24,Monday,1,30,7,July,3,2023,False,False,Winter
571,2023-07-25,Tuesday,2,30,7,July,3,2023,False,False,Winter
572,2023-07-26,Wednesday,3,30,7,July,3,2023,False,False,Winter
573,2023-07-27,Thursday,4,30,7,July,3,2023,False,False,Winter
574,2023-07-28,Friday,5,30,7,July,3,2023,False,False,Winter
575,2023-07-29,Saturday,6,30,7,July,3,2023,True,False,Winter
576,2023-07-30,Sunday,7,30,7,July,3,2023,True,False,Winter
577,2023-07-31,Monday,1,31,7,July,3,2023,False,False,Winter
578,2023-08-01,Tuesday,2,31,8,August,3,2023,False,False,Winter
579,2023-08-02,Wednesday,3,31,8,August,3,2023,False,False,Winter
580,2023-08-03,Thursday,4,31,8,August,3,2023,False,False,Winter
581,2023-08-04,Friday,5,31,8,August,3,2023,False,False,Winter
582,2023-08-05,Saturday,6,31,8,August,3,2023,True,False,Winter
583,2023-08-06,Sunday,7,31,8,August,3,2023,True,False,Winter
584,2023-08-07,Monday,1,32,8,August,3,2023,False,False,Winter
585,2023-08-08,Tuesday,2,32,8,August,3,2023,False,False,Winter
586,2023-08-09,Wednesday,3,32,8,August,3,2023,False,False,Winter
587,2023-08-10,Thursday,4,32,8,August,3,2023,False,False,Winter
588,2023-08-11,Friday,5,32,8,August,3,2023,False,False,Winter
589,2023-08-12,Saturday,6,32,8,August,3,2023,True,False,Winter
590,2023-08-13,Sunday,7,32,8,August,3,2023,True,False,Winter
591,2023-08-14,Monday,1,33,8,August,3,2023,False,False,Winter
592,2023-08-15,Tuesday,2,33,8,August,3,2023,False,False,Winter
593,2023-08-16,Wednesday,3,33,8,August,3,2023,False,False,Winter
594,2023-08-17,Thursday,4,33,8,August,3,2023,False,False,Winter
595,2023-08-18,Friday,5,33,8,August,3,2023,False,False,Winter
596,2023-08-19,Saturday,6,33,8,August,3,2023,True,False,Winter
597,2023-08-20,Sunday,7,33,8,August,3,2023,True,False,Winter
598,2023-08-21,Monday,1,34,8,August,3,2023,False,False,Winter
599,2023-08-22,Tuesday,2,34,8,August,3,2023,False,False,Winter
600,2023-08-23,Wednesday,3,34,8,August,3,2023,False,False,Winter
601,2023-08-24,Thursday,4,34,8,August,3,2023,False,False,Winter
602,2023-08-25,Friday,5,34,8,August,3,2023,False,False,Winter
603,2023-08-26,Saturday,6,34,8,August,3,2023,True,False,Winter
604,2023-08-27,Sunday,7,34,8,August,3,2023,True,False,Winter
605,2023-08-28,Monday,1,35,8,August,3,2023,False,False,Winter
606,2023-08-29,Tuesday,2,35,8,August,3,2023,False,False,Winter
607,2023-08-30,Wednesday,3,35,8,August,3,2023,False,False,Winter
608,2023-08-31,Thursday,4,35,8,August,3,2023,False,False,Winter
609,2023-09-01,Friday,5,35,9,September,3,2023,False,False,Spring
610,2023-09-02,Saturday,6,35,9,September,3,2023,True,False,Spring
611,2023-09-03,Sunday,7,35,9,September,3,2023,True,False,Spring
612,2023-09-04,Monday,1,36,9,September,3,2023,False,False,Spring
613,2023-09-05,Tuesday,2,36,9,September,3,2023,False,False,Spring
614,2023-09-06,Wednesday,3,36,9,September,3,2023,False,False,Spring
615,2023-09-07,Thursday,4,36,9,September,3,2023,False,False,Spring
616,2023-09-08,Friday,5,36,9,September,3,2023,False,False,Spring
617,2023-09-09,Saturday,6,36,9,September,3,2023,True,False,Spring
618,2023-09-10,Sunday,7,36,9,September,3,2023,True,False,Spring
619,2023-09-11,Monday,1,37,9,September,3,2023,False,False,Spring
620,2023-09-12,Tuesday,2,37,9,September,3,2023,False,False,Spring
621,2023-09-13,Wednesday,3,37,9,September,3,2023,False,False,Spring
622,2023-09-14,Thursday,4,37,9,September,3,2023,False,False,Spring
623,2023-09-15,Friday,5,37,9,September,3,2023,False,False,Spring
624,2023-09-16,Saturday,6,37,9,September,3,2023,True,False,Spring
625,2023-09-17,Sunday,7,37,9,September,3,2023,True,False,Spring
626,2023-09-18,Monday,1,38,9,September,3,2023,False,False,Spring
627,2023-09-19,Tuesday,2,38,9,September,3,2023,False,False,Spring
628,2023-09-20,Wednesday,3,38,9,September,3,2023,False,False,Spring
629,2023-09-21,Thursday,4,38,9,September,3,2023,False,False,Spring
630,2023-09-22,Friday,5,38,9,September,3,2023,False,False,Spring
631,2023-09-23,Saturday,6,38,9,September,3,2023,True,False,Spring
632,2023-09-24,Sunday,7,38,9,September,3,2023,True,False,Spring
633,2023-09-25,Monday,1,39,9,September,3,2023,False,False,Spring
634,2023-09-26,Tuesday,2,39,9,September,3,2023,False,False,Spring
635,2023-09-27,Wednesday,3,39,9,September,3,2023,False,False,Spring
636,2023-09-28,Thursday,4,39,9,September,3,2023,False,False,Spring
637,2023-09-29,Friday,5,39,9,September,3,2023,False,False,Spring
638,2023-09-30,Saturday,6,39,9,September,3,2023,True,False,Spring
639,2023-10-01,Sunday,7,39,10,October,4,2023,True,False,Spring
640,2023-10-02,Monday,1,40,10,October,4,2023,False,False,Spring
641,2023-10-03,Tuesday,2,40,10,October,4,2023,False,False,Spring
642,2023-10-04,Wednesday,3,40,10,October,4,2023,False,False,Spring
643,2023-10-05,Thursday,4,40,10,October,4,2023,False,False,Spring
644,2023-10-06,Friday,5,40,10,October,4,2023,False,False,Spring
645,2023-10-07,Saturday,6,40,10,October,4,2023,True,False,Spring
646,2023-10-08,Sunday,7,40,10,October,4,2023,True,False,Spring
647,2023-10-09,Monday,1,41,10,October,4,2023,False,False,Spring
648,2023-10-10,Tuesday,2,41,10,October,4,2023,False,False,Spring
649,2023-10-11,Wednesday,3,41,10,October,4,2023,False,False,Spring
650,2023-10-12,Thursday,4,41,10,October,4,2023,False,False,Spring
651,2023-10-13,Friday,5,41,10,October,4,2023,False,False,Spring
652,2023-10-14,Saturday,6,41,10,October,4,2023,True,False,Spring
653,2023-10-15,Sunday,7,41,10,October,4,2023,True,False,Spring
654,2023-10-16,Monday,1,42,10,October,4,2023,False,False,Spring
655,2023-10-17,Tuesday,2,42,10,October,4,2023,False,False,Spring
656,2023-10-18,Wednesday,3,42,10,October,4,2023,False,False,Spring
657,2023-10-19,Thursday,4,42,10,October,4,2023,False,False,Spring
658,2023-10-20,Friday,5,42,10,October,4,2023,False,False,Spring
659,2023-10-21,Saturday,6,42,10,October,4,2023,True,False,Spring
660,2023-10-22,Sunday,7,42,10,October,4,2023,True,False,Spring
661,2023-10-23,Monday,1,43,10,October,4,2023,False,False,Spring
662,2023-10-24,Tuesday,2,43,10,October,4,2023,False,False,Spring
663,2023-10-25,Wednesday,3,43,10,October,4,2023,False,False,Spring
664,2023-10-26,Thursday,4,43,10,October,4,2023,False,False,Spring
665,2023-10-27,Friday,5,43,10,October,4,2023,False,False,Spring
666,2023-10-28,Saturday,6,43,10,October,4,2023,True,False,Spring
667,2023-10-29,Sunday,7,43,10,October,4,2023,True,False,Spring
668,2023-10-30,Monday,1,44,10,October,4,2023,False,False,Spring
669,2023-10-31,Tuesday,2,44,10,October,4,2023,False,False,Spring
670,2023-11-01,Wednesday,3,44,11,November,4,2023,False,False,Spring
671,2023-11-02,Thursday,4,44,11,November,4,2023,False,False,Spring
672,2023-11-03,Friday,5,44,11,November,4,2023,False,False,Spring
673,2023-11-04,Saturday,6,44,11,November,4,2023,True,False,Spring
674,2023-11-05,Sunday,7,44,11,November,4,2023,True,False,Spring
675,2023-11-06,Monday,1,45,11,November,4,2023,False,False,Spring
676,2023-11-07,Tuesday,2,45,11,November,4,2023,False,False,Spring
677,2023-11-08,Wednesday,3,45,11,November,4,2023,False,False,Spring
678,2023-11-09,Thursday,4,45,11,November,4,2023,False,False,Spring
679,2023-11-10,Friday,5,45,11,November,4,2023,False,False,Spring
680,2023-11-11,Saturday,6,45,11,November,4,2023,True,False,Spring
681,2023-11-12,Sunday,7,45,11,November,4,2023,True,False,Spring
682,2023-11-13,Monday,1,46,11,November,4,2023,False,False,Spring
683,2023-11-14,Tuesday,2,46,11,November,4,2023,False,False,Spring
684,2023-11-15,Wednesday,3,46,11,November,4,2023,False,False,Spring
685,2023-11-16,Thursday,4,46,11,November,4,2023,False,False,Spring
686,2023-11-17,Friday,5,46,11,November,4,2023,False,False,Spring
687,2023-11-18,Saturday,6,46,11,November,4,2023,True,False,Spring
688,2023-11-19,Sunday,7,46,11,November,4,2023,True,False,Spring
689,2023-11-20,Monday,1,47,11,November,4,2023,False,False,Spring
690,2023-11-21,Tuesday,2,47,11,November,4,2023,False,False,Spring
691,2023-11-22,Wednesday,3,47,11,November,4,2023,False,False,Spring
692,2023-11-23,Thursday,4,47,11,November,4,2023,False,False,Spring
693,2023-11-24,Friday,5,47,11,November,4,2023,False,False,Spring
694,2023-11-25,Saturday,6,47,11,November,4,2023,True,False,Spring
695,2023-11-26,Sunday,7,47,11,November,4,2023,True,False,Spring
696,2023-11-27,Monday,1,48,11,November,4,2023,False,False,Spring
697,2023-11-28,Tuesday,2,48,11,November,4,2023,False,False,Spring
698,2023-11-29,Wednesday,3,48,11,November,4,2023,False,False,Spring
699,2023-11-30,Thursday,4,48,11,November,4,2023,False,False,Spring
700,2023-12-01,Friday,5,48,12,December,4,2023,False,False,Summer
701,2023-12-02,Saturday,6,48,12,December,4,2023,True,False,Summer
702,2023-12-03,Sunday,7,48,12,December,4,2023,True,False,Summer
703,2023-12-04,Monday,1,49,12,December,4,2023,False,False,Summer
704,2023-12-05,Tuesday,2,49,12,December,4,2023,False,False,Summer
705,2023-12-06,Wednesday,3,49,12,December,4,2023,False,False,Summer
706,2023-12-07,Thursday,4,49,12,December,4,2023,False,False,Summer
707,2023-12-08,Friday,5,49,12,December,4,2023,False,False,Summer
708,2023-12-09,Saturday,6,49,12,December,4,2023,True,False,Summer
709,2023-12-10,Sunday,7,49,12,December,4,2023,True,False,Summer
710,2023-12-11,Monday,1,50,12,December,4,2023,False,False,Summer
711,2023-12-12,Tuesday,2,50,12,December,4,2023,False,False,Summer
712,2023-12-13,Wednesday,3,50,12,December,4,2023,False,False,Summer
713,2023-12-14,Thursday,4,50,12,December,4,2023,False,False,Summer
714,2023-12-15,Friday,5,50,12,December,4,2023,False,False,Summer
715,2023-12-16,Saturday,6,50,12,December,4,2023,True,False,Summer
716,2023-12-17,Sunday,7,50,12,December,4,2023,True,False,Summer
717,2023-12-18,Monday,1,51,12,December,4,2023,False,False,Summer
718,2023-12-19,Tuesday,2,51,12,December,4,2023,False,False,Summer
719,2023-12-20,Wednesday,3,51,12,December,4,2023,False,False,Summer
720,2023-12-21,Thursday,4,51,12,December,4,2023,False,False,Summer
721,2023-12-22,Friday,5,51,12,December,4,2023,False,False,Summer
722,2023-12-23,Saturday,6,51,12,December,4,2023,True,False,Summer
723,2023-12-24,Sunday,7,51,12,December,4,2023,True,False,Summer
724,2023-12-25,Monday,1,52,12,December,4,2023,False,True,Summer
725,2023-12-26,Tuesday,2,52,12,December,4,2023,False,False,Summer
726,2023-12-27,Wednesday,3,52,12,December,4,2023,False,False,Summer
727,2023-12-28,Thursday,4,52,12,December,4,2023,False,False,Summer
728,2023-12-29,Friday,5,52,12,December,4,2023,False,False,Summer
729,2023-12-30,Saturday,6,52,12,December,4,2023,True,False,Summer
730,2023-12-31,Sunday,7,52,12,December,4,2023,True,True,Summer
731,2024-01-01,Monday,1,1,1,January,1,2024,False,True,Summer
732,2024-01-02,Tuesday,2,1,1,January,1,2024,False,False,Summer
733,2024-01-03,Wednesday,3,1,1,January,1,2024,False,False,Summer
734,2024-01-04,Thursday,4,1,1,January,1,2024,False,False,Summer
735,2024-01-05,Friday,5,1,1,January,1,2024,False,False,Summer
736,2024-01-06,Saturday,6,1,1,January,1,2024,True,False,Summer
737,2024-01-07,Sunday,7,1,1,January,1,2024,True,False,Summer
738,2024-01-08,Monday,1,2,1,January,1,2024,False,False,Summer
739,2024-01-09,Tuesday,2,2,1,January,1,2024,False,False,Summer
740,2024-01-10,Wednesday,3,2,1,January,1,2024,False,False,Summer
741,2024-01-11,Thursday,4,2,1,January,1,2024,False,False,Summer
742,2024-01-12,Friday,5,2,1,January,1,2024,False,False,Summer
743,2024-01-13,Saturday,6,2,1,January,1,2024,True,False,Summer
744,2024-01-14,Sunday,7,2,1,January,1,2024,True,False,Summer
745,2024-01-15,Monday,1,3,1,January,1,2024,False,False,Summer
746,2024-01-16,Tuesday,2,3,1,January,1,2024,False,False,Summer
747,2024-01-17,Wednesday,3,3,1,January,1,2024,False,False,Summer
748,2024-01-18,Thursday,4,3,1,January,1,2024,False,False,Summer
749,2024-01-19,Friday,5,3,1,January,1,2024,False,False,Summer
750,2024-01-20,Saturday,6,3,1,January,1,2024,True,False,Summer
751,2024-01-21,Sunday,7,3,1,January,1,2024,True,False,Summer
752,2024-01-22,Monday,1,4,1,January,1,2024,False,False,Summer
753,2024-01-23,Tuesday,2,4,1,January,1,2024,False,False,Summer
754,2024-01-24,Wednesday,3,4,1,January,1,2024,False,False,Summer
755,2024-01-25,Thursday,4,4,1,January,1,2024,False,False,Summer
756,2024-01-26,Friday,5,4,1,January,1,2024,False,False,Summer
757,2024-01-27,Saturday,6,4,1,January,1,2024,True,False,Summer
758,2024-01-28,Sunday,7,4,1,January,1,2024,True,False,Summer
759,2024-01-29,Monday,1,5,1,January,1,2024,False,False,Summer
760,2024-01-30,Tuesday,2,5,1,January,1,2024,False,False,Summer
761,2024-01-31,Wednesday,3,5,1,January,1,2024,False,False,Summer
762,2024-02-01,Thursday,4,5,2,February,1,2024,False,False,Summer
763,2024-02-02,Friday,5,5,2,February,1,2024,False,False,Summer
764,2024-02-03,Saturday,6,5,2,February,1,2024,True,False,Summer
765,2024-02-04,Sunday,7,5,2,February,1,2024,True,False,Summer
766,2024-02-05,Monday,1,6,2,February,1,2024,False,False,Summer
767,2024-02-06,Tuesday,2,6,2,February,1,2024,False,False,Summer
768,2024-02-07,Wednesday,3,6,2,February,1,2024,False,False,Summer
769,2024-02-08,Thursday,4,6,2,February,1,2024,False,False,Summer
770,2024-02-09,Friday,5,6,2,February,1,2024,False,False,Summer
771,2024-02-10,Saturday,6,6,2,February,1,2024,True,False,Summer
772,2024-02-11,Sunday,7,6,2,February,1,2024,True,False,Summer
773,2024-02-12,Monday,1,7,2,February,1,2024,False,False,Summer
774,2024-02-13,Tuesday,2,7,2,February,1,2024,False,False,Summer
775,2024-02-14,Wednesday,3,7,2,February,1,2024,False,False,Summer
776,2024-02-15,Thursday,4,7,2,February,1,2024,False,False,Summer
777,2024-02-16,Friday,5,7,2,February,1,2024,False,False,Summer
778,2024-02-17,Saturday,6,7,2,February,1,2024,True,False,Summer
779,2024-02-18,Sunday,7,7,2,February,1,2024,True,False,Summer
780,2024-02-19,Monday,1,8,2,February,1,2024,False,False,Summer
781,2024-02-20,Tuesday,2,8,2,February,1,2024,False,False,Summer
782,2024-02-21,Wednesday,3,8,2,February,1,2024,False,False,Summer
783,2024-02-22,Thursday,4,8,2,February,1,2024,False,False,Summer
784,2024-02-23,Friday,5,8,2,February,1,2024,False,False,Summer
785,2024-02-24,Saturday,6,8,2,February,1,2024,True,False,Summer
786,2024-02-25,Sunday,7,8,2,February,1,2024,True,False,Summer
787,2024-02-26,Monday,1,9,2,February,1,2024,False,False,Summer
788,2024-02-27,Tuesday,2,9,2,February,1,2024,False,False,Summer
789,2024-02-28,Wednesday,3,9,2,February,1,2024,False,False,Summer
790,2024-02-29,Thursday,4,9,2,February,1,2024,False,False,Summer
791,2024-03-01,Friday,5,9,3,March,1,2024,False,False,Fall
792,2024-03-02,Saturday,6,9,3,March,1,2024,True,False,Fall
793,2024-03-03,Sunday,7,9,3,March,1,2024,True,False,Fall
794,2024-03-04,Monday,1,10,3,March,1,2024,False,False,Fall
795,2024-03-05,Tuesday,2,10,3,March,1,2024,False,False,Fall
796,2024-03-06,Wednesday,3,10,3,March,1,2024,False,False,Fall
797,2024-03-07,Thursday,4,10,3,March,1,2024,False,False,Fall
798,2024-03-08,Friday,5,10,3,March,1,2024,False,False,Fall
799,2024-03-09,Saturday,6,10,3,March,1,2024,True,False,Fall
800,2024-03-10,Sunday,7,10,3,March,1,2024,True,False,Fall
801,2024-03-11,Monday,1,11,3,March,1,2024,False,False,Fall
802,2024-03-12,Tuesday,2,11,3,March,1,2024,False,False,Fall
803,2024-03-13,Wednesday,3,11,3,March,1,2024,False,False,Fall
804,2024-03-14,Thursday,4,11,3,March,1,2024,False,False,Fall
805,2024-03-15,Friday,5,11,3,March,1,2024,False,False,Fall
806,2024-03-16,Saturday,6,11,3,March,1,2024,True,False,Fall
807,2024-03-17,Sunday,7,11,3,March,1,2024,True,False,Fall
808,2024-03-18,Monday,1,12,3,March,1,2024,False,False,Fall
809,2024-03-19,Tuesday,2,12,3,March,1,2024,False,False,Fall
810,2024-03-20,Wednesday,3,12,3,March,1,2024,False,False,Fall
811,2024-03-21,Thursday,4,12,3,March,1,2024,False,False,Fall
812,2024-03-22,Friday,5,12,3,March,1,2024,False,False,Fall
813,2024-03-23,Saturday,6,12,3,March,1,2024,True,False,Fall
814,2024-03-24,Sunday,7,12,3,March,1,2024,True,False,Fall
815,2024-03-25,Monday,1,13,3,March,1,2024,False,False,Fall
816,2024-03-26,Tuesday,2,13,3,March,1,2024,False,False,Fall
817,2024-03-27,Wednesday,3,13,3,March,1,2024,False,False,Fall
818,2024-03-28,Thursday,4,13,3,March,1,2024,False,False,Fall
819,2024-03-29,Friday,5,13,3,March,1,2024,False,False,Fall
820,2024-03-30,Saturday,6,13,3,March,1,2024,True,False,Fall
821,2024-03-31,Sunday,7,13,3,March,1,2024,True,False,Fall
822,2024-04-01,Monday,1,14,4,April,2,2024,False,False,Fall
823,2024-04-02,Tuesday,2,14,4,April,2,2024,False,False,Fall
824,2024-04-03,Wednesday,3,14,4,April,2,2024,False,False,Fall
825,2024-04-04,Thursday,4,14,4,April,2,2024,False,False,Fall
826,2024-04-05,Friday,5,14,4,April,2,2024,False,False,Fall
827,2024-04-06,Saturday,6,14,4,April,2,2024,True,False,Fall
828,2024-04-07,Sunday,7,14,4,April,2,2024,True,False,Fall
829,2024-04-08,Monday,1,15,4,April,2,2024,False,False,Fall
830,2024-04-09,Tuesday,2,15,4,April,2,2024,False,False,Fall
831,2024-04-10,Wednesday,3,15,4,April,2,2024,False,False,Fall
832,2024-04-11,Thursday,4,15,4,April,2,2024,False,False,Fall
833,2024-04-12,Friday,5,15,4,April,2,2024,False,False,Fall
834,2024-04-13,Saturday,6,15,4,April,2,2024,True,False,Fall
835,2024-04-14,Sunday,7,15,4,April,2,2024,True,False,Fall
836,2024-04-15,Monday,1,16,4,April,2,2024,False,False,Fall
837,2024-04-16,Tuesday,2,16,4,April,2,2024,False,False,Fall
838,2024-04-17,Wednesday,3,16,4,April,2,2024,False,False,Fall
839,2024-04-18,Thursday,4,16,4,April,2,2024,False,False,Fall
840,2024-04-19,Friday,5,16,4,April,2,2024,False,False,Fall
841,2024-04-20,Saturday,6,16,4,April,2,2024,True,False,Fall
842,2024-04-21,Sunday,7,16,4,April,2,2024,True,False,Fall
843,2024-04-22,Monday,1,17,4,April,2,2024,False,False,Fall
844,2024-04-23,Tuesday,2,17,4,April,2,2024,False,False,Fall
845,2024-04-24,Wednesday,3,17,4,April,2,2024,False,False,Fall
846,2024-04-25,Thursday,4,17,4,April,2,2024,False,False,Fall
847,2024-04-26,Friday,5,17,4,April,2,2024,False,False,Fall
848,2024-04-27,Saturday,6,17,4,April,2,2024,True,False,Fall
849,2024-04-28,Sunday,7,17,4,April,2,2024,True,False,Fall
850,2024-04-29,Monday,1,18,4,April,2,2024,False,False,Fall
851,2024-04-30,Tuesday,2,18,4,April,2,2024,False,False,Fall
852,2024-05-01,Wednesday,3,18,5,May,2,2024,False,False,Fall
853,2024-05-02,Thursday,4,18,5,May,2,2024,False,False,Fall
854,2024-05-03,Friday,5,18,5,May,2,2024,False,False,Fall
855,2024-05-04,Saturday,6,18,5,May,2,2024,True,False,Fall
856,2024-05-05,Sunday,7,18,5,May,2,2024,True,False,Fall
857,2024-05-06,Monday,1,19,5,May,2,2024,False,False,Fall
858,2024-05-07,Tuesday,2,19,5,May,2,2024,False,False,Fall
859,2024-05-08,Wednesday,3,19,5,May,2,2024,False,False,Fall
860,2024-05-09,Thursday,4,19,5,May,2,2024,False,False,Fall
861,2024-05-10,Friday,5,19,5,May,2,2024,False,False,Fall
862,2024-05-11,Saturday,6,19,5,May,2,2024,True,False,Fall
863,2024-05-12,Sunday,7,19,5,May,2,2024,True,False,Fall
864,2024-05-13,Monday,1,20,5,May,2,2024,False,False,Fall
865,2024-05-14,Tuesday,2,20,5,May,2,2024,False,False,Fall
866,2024-05-15,Wednesday,3,20,5,May,2,2024,False,False,Fall
867,2024-05-16,Thursday,4,20,5,May,2,2024,False,False,Fall
868,2024-05-17,Friday,5,20,5,May,2,2024,False,False,Fall
869,2024-05-18,Saturday,6,20,5,May,2,2024,True,False,Fall
870,2024-05-19,Sunday,7,20,5,May,2,2024,True,False,Fall
871,2024-05-20,Monday,1,21,5,May,2,2024,False,False,Fall
872,2024-05-21,Tuesday,2,21,5,May,2,2024,False,False,Fall
873,2024-05-22,Wednesday,3,21,5,May,2,2024,False,False,Fall
874,2024-05-23,Thursday,4,21,5,May,2,2024,False,False,Fall
875,2024-05-24,Friday,5,21,5,May,2,2024,False,False,Fall
876,2024-05-25,Saturday,6,21,5,May,2,2024,True,False,Fall
877,2024-05-26,Sunday,7,21,5,May,2,2024,True,False,Fall
878,2024-05-27,Monday,1,22,5,May,2,2024,False,False,Fall
879,2024-05-28,Tuesday,2,22,5,May,2,2024,False,False,Fall
880,2024-05-29,Wednesday,3,22,5,May,2,2024,False,False,Fall
881,2024-05-30,Thursday,4,22,5,May,2,2024,False,False,Fall
882,2024-05-31,Friday,5,22,5,May,2,2024,False,False,Fall
883,2024-06-01,Saturday,6,22,6,June,2,2024,True,False,Winter
884,2024-06-02,Sunday,7,22,6,June,2,2024,True,False,Winter
885,2024-06-03,Monday,1,23,6,June,2,2024,False,False,Winter
886,2024-06-04,Tuesday,2,23,6,June,2,2024,False,False,Winter
887,2024-06-05,Wednesday,3,23,6,June,2,2024,False,False,Winter
888,2024-06-06,Thursday,4,23,6,June,2,2024,False,False,Winter
889,2024-06-07,Friday,5,23,6,June,2,2024,False,False,Winter
890,2024-06-08,Saturday,6,23,6,June,2,2024,True,False,Winter
891,2024-06-09,Sunday,7,23,6,June,2,2024,True,False,Winter
892,2024-06-10,Monday,1,24,6,June,2,2024,False,False,Winter
893,2024-06-11,Tuesday,2,24,6,June,2,2024,False,False,Winter
894,2024-06-12,Wednesday,3,24,6,June,2,2024,False,False,Winter
895,2024-06-13,Thursday,4,24,6,June,2,2024,False,False,Winter
896,2024-06-14,Friday,5,24,6,June,2,2024,False,False,Winter
897,2024-06-15,Saturday,6,24,6,June,2,2024,True,False,Winter
898,2024-06-16,Sunday,7,24,6,June,2,2024,True,False,Winter
899,2024-06-17,Monday,1,25,6,June,2,2024,False,False,Winter
900,2024-06-18,Tuesday,2,25,6,June,2,2024,False,False,Winter
901,2024-06-19,Wednesday,3,25,6,June,2,2024,False,False,Winter
902,2024-06-20,Thursday,4,25,6,June,2,2024,False,False,Winter
903,2024-06-21,Friday,5,25,6,June,2,2024,False,False,Winter
904,2024-06-22,Saturday,6,25,6,June,2,2024,True,False,Winter
905,2024-06-23,Sunday,7,25,6,June,2,2024,True,False,Winter
906,2024-06-24,Monday,1,26,6,June,2,2024,False,False,Winter
907,2024-06-25,Tuesday,2,26,6,June,2,2024,False,False,Winter
908,2024-06-26,Wednesday,3,26,6,June,2,2024,False,False,Winter
909,2024-06-27,Thursday,4,26,6,June,2,2024,False,False,Winter
910,2024-06-28,Friday,5,26,6,June,2,2024,False,False,Winter
911,2024-06-29,Saturday,6,26,6,June,2,2024,True,False,Winter
912,2024-06-30,Sunday,7,26,6,June,2,2024,True,False,Winter
913,2024-07-01,Monday,1,27,7,July,3,2024,False,False,Winter
914,2024-07-02,Tuesday,2,27,7,July,3,2024,False,False,Winter
915,2024-07-03,Wednesday,3,27,7,July,3,2024,False,False,Winter
916,2024-07-04,Thursday,4,27,7,July,3,2024,False,False,Winter
917,2024-07-05,Friday,5,27,7,July,3,2024,False,False,Winter
918,2024-07-06,Saturday,6,27,7,July,3,2024,True,False,Winter
919,2024-07-07,Sunday,7,27,7,July,3,2024,True,False,Winter
920,2024-07-08,Monday,1,28,7,July,3,2024,False,False,Winter
921,2024-07-09,Tuesday,2,28,7,July,3,2024,False,False,Winter
922,2024-07-10,Wednesday,3,28,7,July,3,2024,False,False,Winter
923,2024-07-11,Thursday,4,28,7,July,3,2024,False,False,Winter
924,2024-07-12,Friday,5,28,7,July,3,2024,False,False,Winter
925,2024-07-13,Saturday,6,28,7,July,3,2024,True,False,Winter
926,2024-07-14,Sunday,7,28,7,July,3,2024,True,False,Winter
927,2024-07-15,Monday,1,29,7,July,3,2024,False,False,Winter
928,2024-07-16,Tuesday,2,29,7,July,3,2024,False,False,Winter
929,2024-07-17,Wednesday,3,29,7,July,3,2024,False,False,Winter
930,2024-07-18,Thursday,4,29,7,July,3,2024,False,False,Winter
931,2024-07-19,Friday,5,29,7,July,3,2024,False,False,Winter
932,2024-07-20,Saturday,6,29,7,July,3,2024,True,False,Winter
933,2024-07-21,Sunday,7,29,7,July,3,2024,True,False,Winter
934,2024-07-22,Monday,1,30,7,July,3,2024,False,False,Winter
935,2024-07-23,Tuesday,2,30,7,July,3,2024,False,False,Winter
936,2024-07-24,Wednesday,3,30,7,July,3,2024,False,False,Winter
937,2024-07-25,Thursday,4,30,7,July,3,2024,False,False,Winter
938,2024-07-26,Friday,5,30,7,July,3,2024,False,False,Winter
939,2024-07-27,Saturday,6,30,7,July,3,2024,True,False,Winter
940,2024-07-28,Sunday,7,30,7,July,3,2024,True,False,Winter
941,2024-07-29,Monday,1,31,7,July,3,2024,False,False,Winter
942,2024-07-30,Tuesday,2,31,7,July,3,2024,False,False,Winter
943,2024-07-31,Wednesday,3,31,7,July,3,2024,False,False,Winter
944,2024-08-01,Thursday,4,31,8,August,3,2024,False,False,Winter
945,2024-08-02,Friday,5,31,8,August,3,2024,False,False,Winter
946,2024-08-03,Saturday,6,31,8,August,3,2024,True,False,Winter
947,2024-08-04,Sunday,7,31,8,August,3,2024,True,False,Winter
948,2024-08-05,Monday,1,32,8,August,3,2024,False,False,Winter
949,2024-08-06,Tuesday,2,32,8,August,3,2024,False,False,Winter
950,2024-08-07,Wednesday,3,32,8,August,3,2024,False,False,Winter
951,2024-08-08,Thursday,4,32,8,August,3,2024,False,False,Winter
952,2024-08-09,Friday,5,32,8,August,3,2024,False,False,Winter
953,2024-08-10,Saturday,6,32,8,August,3,2024,True,False,Winter
954,2024-08-11,Sunday,7,32,8,August,3,2024,True,False,Winter
955,2024-08-12,Monday,1,33,8,August,3,2024,False,False,Winter
956,2024-08-13,Tuesday,2,33,8,August,3,2024,False,False,Winter
957,2024-08-14,Wednesday,3,33,8,August,3,2024,False,False,Winter
958,2024-08-15,Thursday,4,33,8,August,3,2024,False,False,Winter
959,2024-08-16,Friday,5,33,8,August,3,2024,False,False,Winter
960,2024-08-17,Saturday,6,33,8,August,3,2024,True,False,Winter
961,2024-08-18,Sunday,7,33,8,August,3,2024,True,False,Winter
962,2024-08-19,Monday,1,34,8,August,3,2024,False,False,Winter
963,2024-08-20,Tuesday,2,34,8,August,3,2024,False,False,Winter
964,2024-08-21,Wednesday,3,34,8,August,3,2024,False,False,Winter
965,2024-08-22,Thursday,4,34,8,August,3,2024,False,False,Winter
966,2024-08-23,Friday,5,34,8,August,3,2024,False,False,Winter
967,2024-08-24,Saturday,6,34,8,August,3,2024,True,False,Winter
968,2024-08-25,Sunday,7,34,8,August,3,2024,True,False,Winter
969,2024-08-26,Monday,1,35,8,August,3,2024,False,False,Winter
970,2024-08-27,Tuesday,2,35,8,August,3,2024,False,False,Winter
971,2024-08-28,Wednesday,3,35,8,August,3,2024,False,False,Winter
972,2024-08-29,Thursday,4,35,8,August,3,2024,False,False,Winter
973,2024-08-30,Friday,5,35,8,August,3,2024,False,False,Winter
974,2024-08-31,Saturday,6,35,8,August,3,2024,True,False,Winter
975,2024-09-01,Sunday,7,35,9,September,3,2024,True,False,Spring
976,2024-09-02,Monday,1,36,9,September,3,2024,False,False,Spring
977,2024-09-03,Tuesday,2,36,9,September,3,2024,False,False,Spring
978,2024-09-04,Wednesday,3,36,9,September,3,2024,False,False,Spring
979,2024-09-05,Thursday,4,36,9,September,3,2024,False,False,Spring
980,2024-09-06,Friday,5,36,9,September,3,2024,False,False,Spring
981,2024-09-07,Saturday,6,36,9,September,3,2024,True,False,Spring
982,2024-09-08,Sunday,7,36,9,September,3,2024,True,False,Spring
983,2024-09-09,Monday,1,37,9,September,3,2024,False,False,Spring
984,2024-09-10,Tuesday,2,37,9,September,3,2024,False,False,Spring
985,2024-09-11,Wednesday,3,37,9,September,3,2024,False,False,Spring
986,2024-09-12,Thursday,4,37,9,September,3,2024,False,False,Spring
987,2024-09-13,Friday,5,37,9,September,3,2024,False,False,Spring
988,2024-09-14,Saturday,6,37,9,September,3,2024,True,False,Spring
989,2024-09-15,Sunday,7,37,9,September,3,2024,True,False,Spring
990,2024-09-16,Monday,1,38,9,September,3,2024,False,False,Spring
991,2024-09-17,Tuesday,2,38,9,September,3,2024,False,False,Spring
992,2024-09-18,Wednesday,3,38,9,September,3,2024,False,False,Spring
993,2024-09-19,Thursday,4,38,9,September,3,2024,False,False,Spring
994,2024-09-20,Friday,5,38,9,September,3,2024,False,False,Spring
995,2024-09-21,Saturday,6,38,9,September,3,2024,True,False,Spring
996,2024-09-22,Sunday,7,38,9,September,3,2024,True,False,Spring
997,2024-09-23,Monday,1,39,9,September,3,2024,False,False,Spring
998,2024-09-24,Tuesday,2,39,9,September,3,2024,False,False,Spring
999,2024-09-25,Wednesday,3,39,9,September,3,2024,False,False,Spring
1000,2024-09-26,Thursday,4,39,9,September,3,2024,False,False,Spring
1001,2024-09-27,Friday,5,39,9,September,3,2024,False,False,Spring
1002,2024-09-28,Saturday,6,39,9,September,3,2024,True,False,Spring
1003,2024-09-29,Sunday,7,39,9,September,3,2024,True,False,Spring
1004,2024-09-30,Monday,1,40,9,September,3,2024,False,False,Spring
1005,2024-10-01,Tuesday,2,40,10,October,4,2024,False,False,Spring
1006,2024-10-02,Wednesday,3,40,10,October,4,2024,False,False,Spring
1007,2024-10-03,Thursday,4,40,10,October,4,2024,False,False,Spring
1008,2024-10-04,Friday,5,40,10,October,4,2024,False,False,Spring
1009,2024-10-05,Saturday,6,40,10,October,4,2024,True,False,Spring
1010,2024-10-06,Sunday,7,40,10,October,4,2024,True,False,Spring
1011,2024-10-07,Monday,1,41,10,October,4,2024,False,False,Spring
1012,2024-10-08,Tuesday,2,41,10,October,4,2024,False,False,Spring
1013,2024-10-09,Wednesday,3,41,10,October,4,2024,False,False,Spring
1014,2024-10-10,Thursday,4,41,10,October,4,2024,False,False,Spring
1015,2024-10-11,Friday,5,41,10,October,4,2024,False,False,Spring
1016,2024-10-12,Saturday,6,41,10,October,4,2024,True,False,Spring
1017,2024-10-13,Sunday,7,41,10,October,4,2024,True,False,Spring
1018,2024-10-14,Monday,1,42,10,October,4,2024,False,False,Spring
1019,2024-10-15,Tuesday,2,42,10,October,4,2024,False,False,Spring
1020,2024-10-16,Wednesday,3,42,10,October,4,2024,False,False,Spring
1021,2024-10-17,Thursday,4,42,10,October,4,2024,False,False,Spring
1022,2024-10-18,Friday,5,42,10,October,4,2024,False,False,Spring
1023,2024-10-19,Saturday,6,42,10,October,4,2024,True,False,Spring
1024,2024-10-20,Sunday,7,42,10,October,4,2024,True,False,Spring
1025,2024-10-21,Monday,1,43,10,October,4,2024,False,False,Spring
1026,2024-10-22,Tuesday,2,43,10,October,4,2024,False,False,Spring
1027,2024-10-23,Wednesday,3,43,10,October,4,2024,False,False,Spring
1028,2024-10-24,Thursday,4,43,10,October,4,2024,False,False,Spring
1029,2024-10-25,Friday,5,43,10,October,4,2024,False,False,Spring
1030,2024-10-26,Saturday,6,43,10,October,4,2024,True,False,Spring
1031,2024-10-27,Sunday,7,43,10,October,4,2024,True,False,Spring
1032,2024-10-28,Monday,1,44,10,October,4,2024,False,False,Spring
1033,2024-10-29,Tuesday,2,44,10,October,4,2024,False,False,Spring
1034,2024-10-30,Wednesday,3,44,10,October,4,2024,False,False,Spring
1035,2024-10-31,Thursday,4,44,10,October,4,2024,False,False,Spring
1036,2024-11-01,Friday,5,44,11,November,4,2024,False,False,Spring
1037,2024-11-02,Saturday,6,44,11,November,4,2024,True,False,Spring
1038,2024-11-03,Sunday,7,44,11,November,4,2024,True,False,Spring
1039,2024-11-04,Monday,1,45,11,November,4,2024,False,False,Spring
1040,2024-11-05,Tuesday,2,45,11,November,4,2024,False,False,Spring
1041,2024-11-06,Wednesday,3,45,11,November,4,2024,False,False,Spring
1042,2024-11-07,Thursday,4,45,11,November,4,2024,False,False,Spring
1043,2024-11-08,Friday,5,45,11,November,4,2024,False,False,Spring
1044,2024-11-09,Saturday,6,45,11,November,4,2024,True,False,Spring
1045,2024-11-10,Sunday,7,45,11,November,4,2024,True,False,Spring
1046,2024-11-11,Monday,1,46,11,November,4,2024,False,False,Spring
1047,2024-11-12,Tuesday,2,46,11,November,4,2024,False,False,Spring
1048,2024-11-13,Wednesday,3,46,11,November,4,2024,False,False,Spring
1049,2024-11-14,Thursday,4,46,11,November,4,2024,False,False,Spring
1050,2024-11-15,Friday,5,46,11,November,4,2024,False,False,Spring
1051,2024-11-16,Saturday,6,46,11,November,4,2024,True,False,Spring
1052,2024-11-17,Sunday,7,46,11,November,4,2024,True,False,Spring
1053,2024-11-18,Monday,1,47,11,November,4,2024,False,False,Spring
1054,2024-11-19,Tuesday,2,47,11,November,4,2024,False,False,Spring
1055,2024-11-20,Wednesday,3,47,11,November,4,2024,False,False,Spring
1056,2024-11-21,Thursday,4,47,11,November,4,2024,False,False,Spring
1057,2024-11-22,Friday,5,47,11,November,4,2024,False,False,Spring
1058,2024-11-23,Saturday,6,47,11,November,4,2024,True,False,Spring
1059,2024-11-24,Sunday,7,47,11,November,4,2024,True,False,Spring
1060,2024-11-25,Monday,1,48,11,November,4,2024,False,False,Spring
1061,2024-11-26,Tuesday,2,48,11,November,4,2024,False,False,Spring
1062,2024-11-27,Wednesday,3,48,11,November,4,2024,False,False,Spring
1063,2024-11-28,Thursday,4,48,11,November,4,2024,False,False,Spring
1064,2024-11-29,Friday,5,48,11,November,4,2024,False,False,Spring
1065,2024-11-30,Saturday,6,48,11,November,4,2024,True,False,Spring
1066,2024-12-01,Sunday,7,48,12,December,4,2024,True,False,Summer
1067,2024-12-02,Monday,1,49,12,December,4,2024,False,False,Summer
1068,2024-12-03,Tuesday,2,49,12,December,4,2024,False,False,Summer
1069,2024-12-04,Wednesday,3,49,12,December,4,2024,False,False,Summer
1070,2024-12-05,Thursday,4,49,12,December,4,2024,False,False,Summer
1071,2024-12-06,Friday,5,49,12,December,4,2024,False,False,Summer
1072,2024-12-07,Saturday,6,49,12,December,4,2024,True,False,Summer
1073,2024-12-08,Sunday,7,49,12,December,4,2024,True,False,Summer
1074,2024-12-09,Monday,1,50,12,December,4,2024,False,False,Summer
1075,2024-12-10,Tuesday,2,50,12,December,4,2024,False,False,Summer
1076,2024-12-11,Wednesday,3,50,12,December,4,2024,False,False,Summer
1077,2024-12-12,Thursday,4,50,12,December,4,2024,False,False,Summer
1078,2024-12-13,Friday,5,50,12,December,4,2024,False,False,Summer
1079,2024-12-14,Saturday,6,50,12,December,4,2024,True,False,Summer
1080,2024-12-15,Sunday,7,50,12,December,4,2024,True,False,Summer
1081,2024-12-16,Monday,1,51,12,December,4,2024,False,False,Summer
1082,2024-12-17,Tuesday,2,51,12,December,4,2024,False,False,Summer
1083,2024-12-18,Wednesday,3,51,12,December,4,2024,False,False,Summer
1084,2024-12-19,Thursday,4,51,12,December,4,2024,False,False,Summer
1085,2024-12-20,Friday,5,51,12,December,4,2024,False,False,Summer
1086,2024-12-21,Saturday,6,51,12,December,4,2024,True,False,Summer
1087,2024-12-22,Sunday,7,51,12,December,4,2024,True,False,Summer
1088,2024-12-23,Monday,1,52,12,December,4,2024,False,False,Summer
1089,2024-12-24,Tuesday,2,52,12,December,4,2024,False,False,Summer
1090,2024-12-25,Wednesday,3,52,12,December,4,2024,False,True,Summer
1091,2024-12-26,Thursday,4,52,12,December,4,2024,False,False,Summer
1092,2024-12-27,Friday,5,52,12,December,4,2024,False,False,Summer
1093,2024-12-28,Saturday,6,52,12,December,4,2024,True,False,Summer
1094,2024-12-29,Sunday,7,52,12,December,4,2024,True,False,Summer
1095,2024-12-30,Monday,1,1,12,December,4,2024,False,False,Summer
1096,2024-12-31,Tuesday,2,1,12,December,4,2024,False,True,Summer
